{"cameraMode":{"drawMode":0,"name":"Shaded","section":"Shading Mode"},"sceneLighting":false,"audioPlay":false,"sceneViewState":{"m_AlwaysRefresh":false,"showFog":true,"showSkybox":false,"showFlares":true,"showImageEffects":true,"showParticleSystems":true,"showVisualEffectGraphs":true,"m_FxEnabled":true},"in2DMode":false,"pivot":{"x":-2.2822446823120119,"y":0.17032171785831452,"z":3.088855266571045},"rotation":{"x":-0.24453392624855042,"y":0.6429392695426941,"z":-0.22790920734405518,"w":-0.6892349720001221},"size":0.7079616785049439,"orthographic":false}